Id,label
3,cup
4,plate
5,spoon
6,cup
9,cup
10,plate
12,knife
13,knife
14,plate
16,knife
17,cup
20,cup
21,glass
23,knife
25,knife
26,plate
27,knife
28,plate
29,cup
30,plate
31,plate
32,spoon
36,fork
37,plate
38,plate
39,glass
40,spoon
41,cup
43,knife
45,glass
46,plate
48,spoon
49,plate
52,cup
54,plate
57,spoon
58,knife
60,cup
61,cup
62,knife
63,fork
64,glass
65,plate
66,cup
67,plate
69,cup
70,plate
73,cup
74,knife
75,knife
77,plate
79,plate
80,glass
81,glass
82,cup
83,plate
84,knife
85,plate
86,plate
91,cup
94,cup
95,spoon
97,plate
98,plate
99,plate
100,cup
103,plate
104,cup
106,fork
107,plate
108,cup
109,spoon
111,plate
113,knife
114,plate
115,knife
117,plate
118,spoon
119,fork
120,cup
122,glass
124,knife
125,fork
126,cup
129,cup
137,cup
138,glass
140,knife
142,cup
144,fork
148,cup
149,cup
150,plate
151,cup
152,plate
153,cup
154,glass
157,plate
162,plate
163,fork
164,glass
165,plate
166,knife
167,spoon
169,knife
170,knife
171,plate
172,plate
173,cup
174,fork
176,fork
177,plate
179,plate
180,glass
181,knife
183,plate
184,fork
185,knife
186,knife
187,fork
188,spoon
189,glass
191,plate
194,knife
195,glass
197,plate
200,fork
201,knife
202,spoon
203,cup
205,spoon
206,spoon
207,spoon
208,plate
209,cup
210,glass
212,glass
214,cup
215,plate
216,plate
218,glass
221,plate
222,spoon
223,glass
225,knife
227,spoon
228,plate
232,glass
235,spoon
236,cup
237,knife
240,fork
241,plate
242,spoon
244,plate
245,spoon
247,plate
250,plate
253,knife
254,glass
256,glass
257,knife
258,spoon
260,spoon
262,plate
263,spoon
266,plate
267,plate
269,cup
270,cup
272,knife
275,spoon
276,cup
277,plate
278,plate
279,spoon
282,glass
283,fork
284,cup
285,glass
289,glass
290,cup
292,glass
294,cup
296,knife
299,cup
300,knife
301,glass
302,plate
305,plate
306,plate
310,spoon
311,knife
316,plate
317,cup
318,plate
319,glass
320,cup
321,spoon
325,glass
326,cup
327,cup
329,knife
330,cup
331,cup
332,glass
333,plate
335,spoon
337,plate
338,knife
340,cup
342,cup
343,fork
344,knife
346,knife
347,plate
348,plate
349,plate
351,plate
354,cup
356,knife
357,plate
360,cup
362,cup
364,spoon
367,plate
368,plate
370,spoon
373,plate
374,fork
375,plate
377,knife
380,plate
382,knife
386,plate
387,plate
391,glass
393,glass
394,plate
396,plate
399,knife
400,spoon
401,glass
403,cup
404,plate
405,plate
406,plate
408,spoon
409,spoon
411,spoon
412,fork
413,plate
415,glass
416,fork
417,fork
419,knife
420,cup
423,plate
428,spoon
429,glass
431,spoon
432,plate
433,plate
434,plate
438,cup
439,cup
440,spoon
441,spoon
442,glass
443,cup
444,spoon
446,cup
447,glass
449,plate
450,spoon
451,cup
452,knife
454,plate
455,spoon
458,plate
460,glass
462,plate
463,glass
464,glass
465,knife
466,cup
468,cup
471,glass
473,knife
474,plate
475,plate
478,spoon
479,knife
480,plate
481,plate
482,knife
483,spoon
484,knife
486,plate
490,plate
491,knife
492,cup
495,spoon
496,spoon
497,spoon
499,fork
501,fork
504,knife
505,knife
507,fork
508,cup
509,fork
511,cup
515,knife
517,glass
520,knife
521,fork
523,fork
525,knife
526,cup
528,glass
532,cup
533,plate
537,knife
540,knife
541,glass
543,fork
545,spoon
546,plate
547,plate
548,cup
549,fork
552,spoon
554,plate
555,knife
556,fork
557,cup
559,plate
560,glass
561,fork
562,glass
563,fork
565,spoon
567,spoon
568,plate
569,plate
570,plate
571,plate
572,cup
574,spoon
576,spoon
577,knife
579,spoon
580,plate
581,plate
582,cup
584,glass
586,fork
587,plate
589,plate
591,cup
595,knife
598,fork
599,plate
600,cup
602,knife
603,plate
606,knife
607,spoon
608,plate
609,spoon
610,spoon
611,plate
613,glass
614,plate
616,spoon
618,spoon
619,glass
621,plate
622,fork
623,fork
624,plate
625,spoon
626,glass
627,plate
628,knife
629,knife
631,plate
632,fork
633,spoon
634,fork
635,fork
637,plate
638,fork
639,cup
641,cup
642,knife
644,glass
645,plate
646,glass
647,spoon
648,spoon
649,knife
650,cup
651,glass
652,knife
653,spoon
654,cup
655,knife
656,glass
657,knife
659,knife
661,spoon
662,knife
664,fork
667,plate
669,knife
672,plate
675,knife
679,knife
682,fork
683,knife
684,cup
685,knife
687,plate
688,cup
689,cup
690,knife
691,spoon
694,spoon
695,spoon
696,plate
697,cup
698,knife
699,spoon
700,knife
704,cup
705,cup
707,glass
710,cup
711,plate
712,cup
713,glass
716,plate
718,cup
721,knife
723,knife
724,plate
725,cup
729,plate
730,cup
732,glass
733,glass
734,plate
735,spoon
736,spoon
737,glass
738,plate
739,knife
742,cup
743,plate
745,knife
746,spoon
747,spoon
748,knife
750,knife
751,fork
752,plate
753,cup
754,glass
755,glass
756,knife
758,knife
760,plate
761,plate
763,plate
764,plate
768,cup
769,fork
772,cup
773,glass
774,plate
775,spoon
776,spoon
777,plate
779,plate
780,plate
782,plate
785,knife
787,knife
791,spoon
792,knife
793,plate
798,knife
800,plate
801,spoon
802,knife
803,knife
804,knife
805,knife
806,knife
807,knife
808,knife
810,cup
811,cup
812,glass
813,spoon
814,cup
816,plate
817,glass
819,plate
821,glass
824,knife
825,spoon
828,fork
834,spoon
835,plate
837,glass
838,cup
839,plate
841,glass
842,knife
850,plate
851,spoon
853,fork
854,plate
856,cup
857,knife
859,plate
861,plate
862,fork
863,cup
864,knife
866,cup
868,plate
871,fork
872,knife
873,spoon
875,glass
876,cup
877,plate
878,plate
879,spoon
880,fork
881,plate
882,fork
883,glass
884,cup
885,glass
886,cup
890,cup
891,cup
892,plate
894,cup
895,knife
896,fork
897,spoon
898,spoon
899,plate
903,spoon
904,knife
905,fork
906,knife
909,cup
911,fork
916,fork
920,spoon
921,knife
922,knife
923,cup
924,spoon
928,plate
930,knife
931,cup
932,fork
933,spoon
934,plate
935,knife
936,plate
938,knife
944,fork
946,plate
947,cup
948,spoon
949,plate
951,spoon
952,knife
954,spoon
957,glass
958,knife
959,plate
960,knife
961,glass
964,cup
965,plate
968,cup
970,cup
971,plate
972,cup
976,knife
977,glass
979,glass
980,cup
983,knife
985,knife
986,spoon
987,knife
989,spoon
992,cup
995,spoon
996,spoon
1000,cup
1001,spoon
1003,spoon
1004,cup
1006,knife
1007,cup
1008,spoon
1010,plate
1011,knife
1012,spoon
1016,cup
1017,cup
1018,fork
1021,cup
1022,knife
1024,spoon
1028,spoon
1030,glass
1031,spoon
1032,cup
1033,cup
1036,glass
1037,fork
1038,glass
1039,plate
1040,spoon
1042,knife
1044,fork
1045,fork
1046,glass
1047,fork
1049,plate
1052,plate
1053,plate
1055,spoon
1060,knife
1065,spoon
1066,knife
1067,cup
1068,plate
1069,spoon
1071,fork
1072,knife
1073,cup
1075,fork
1076,cup
1077,knife
1078,fork
1079,glass
1080,cup
1081,glass
1082,knife
1083,knife
1085,cup
1086,spoon
1087,knife
1089,knife
1091,spoon
1092,cup
1093,glass
1094,plate
1095,fork
1096,glass
1099,plate
1102,knife
1109,knife
1110,plate
1112,spoon
1116,cup
1118,plate
1120,plate
1121,plate
1124,knife
1125,fork
1126,plate
1127,knife
1128,plate
1130,cup
1131,plate
1132,cup
1134,glass
1135,fork
1136,fork
1137,plate
1138,spoon
1139,spoon
1140,glass
1141,knife
1142,plate
1144,cup
1145,knife
1146,spoon
1148,cup
1149,plate
1150,fork
1151,cup
1154,cup
1156,cup
1158,spoon
1162,plate
1163,plate
1164,plate
1168,fork
1169,glass
1171,spoon
1173,glass
1175,cup
1176,cup
1179,spoon
1180,glass
1181,fork
1182,fork
1184,plate
1185,cup
1186,spoon
1187,knife
1189,knife
1190,plate
1191,glass
1195,cup
1198,glass
1200,plate
1203,fork
1204,cup
1207,glass
1208,glass
1211,spoon
1213,spoon
1214,cup
1215,plate
1216,glass
1217,cup
1220,glass
1221,spoon
1222,plate
1228,fork
1230,plate
1231,knife
1232,knife
1233,fork
1234,fork
1235,cup
1238,glass
1240,fork
1244,cup
1246,cup
1248,plate
1249,cup
1252,plate
1254,spoon
1258,spoon
1260,glass
1262,cup
1263,spoon
1265,knife
1266,spoon
1267,glass
1268,glass
1271,glass
1272,spoon
1275,cup
1278,plate
1279,fork
1280,plate
1282,plate
1283,plate
1284,glass
1285,fork
1286,cup
1290,glass
1292,knife
1293,spoon
1296,knife
1297,spoon
1298,glass
1302,spoon
1304,knife
1305,plate
1306,glass
1307,glass
1308,plate
1309,fork
1312,fork
1313,plate
1314,cup
1315,spoon
1317,glass
1319,cup
1320,cup
1323,cup
1324,cup
1327,spoon
1328,plate
1329,spoon
1330,spoon
1333,glass
1334,fork
1335,fork
1337,spoon
1338,cup
1339,plate
1343,glass
1344,spoon
1347,spoon
1348,spoon
1349,cup
1351,fork
1352,cup
1353,plate
1354,plate
1355,knife
1357,knife
1358,cup
1359,knife
1361,knife
1362,knife
1363,fork
1364,glass
1365,plate
1366,spoon
1369,plate
1371,fork
1373,spoon
1376,knife
1381,glass
1384,cup
1386,plate
1387,plate
1388,glass
1390,cup
1391,plate
1392,plate
1394,cup
1395,cup
1396,plate
1397,plate
1398,spoon
1400,plate
1401,fork
1402,glass
1404,fork
1406,cup
1407,plate
1408,glass
1410,spoon
1413,spoon
1414,plate
1417,knife
1420,cup
1422,spoon
1423,spoon
1424,plate
1425,plate
1426,plate
1432,knife
1433,cup
1435,cup
1436,fork
1441,glass
1443,spoon
1444,spoon
1445,spoon
1446,knife
1447,spoon
1448,plate
1449,plate
1451,glass
1455,plate
1456,fork
1458,spoon
1459,glass
1463,cup
1464,knife
1465,cup
1466,cup
1467,spoon
1469,cup
1470,glass
1472,cup
1473,cup
1476,fork
1477,cup
1479,plate
1481,plate
1482,plate
1483,cup
1484,cup
1486,cup
1490,spoon
1491,plate
1494,fork
1495,spoon
1496,fork
1498,knife
1499,cup
1500,spoon
1504,plate
1505,glass
1506,plate
1507,plate
1508,plate
1509,knife
1510,plate
1512,plate
1517,spoon
1520,knife
1522,knife
1523,knife
1525,spoon
1529,fork
1530,cup
1532,plate
1533,cup
1538,spoon
1539,cup
1540,knife
1541,plate
1543,knife
1544,glass
1545,cup
1546,knife
1548,knife
1549,knife
1550,knife
1551,fork
1552,glass
1553,cup
1554,cup
1556,cup
1558,glass
1560,cup
1562,knife
1564,glass
1565,spoon
1566,fork
1567,knife
1572,knife
1574,cup
1575,cup
1576,glass
1578,fork
1579,cup
1580,glass
1581,glass
1583,spoon
1584,glass
1585,knife
1586,fork
1587,glass
1588,plate
1589,cup
1590,knife
1591,spoon
1592,spoon
1595,knife
1596,spoon
1597,plate
1598,fork
1599,fork
1600,knife
1603,plate
1604,cup
1605,spoon
1606,knife
1607,cup
1608,plate
1609,plate
1614,spoon
1615,glass
1616,fork
1617,plate
1618,knife
1620,cup
1622,glass
1623,knife
1627,cup
1628,plate
1630,cup
1634,cup
1635,glass
1636,cup
1643,glass
1648,fork
1649,spoon
1653,spoon
1654,cup
1655,glass
1656,fork
1659,knife
1660,cup
1661,knife
1662,fork
1664,spoon
1665,cup
1667,fork
1670,spoon
1671,plate
1673,glass
1674,plate
1675,spoon
1677,spoon
1678,cup
1682,plate
1685,knife
1686,plate
1687,cup
1688,glass
1689,glass
1690,cup
1691,cup
1695,spoon
1696,plate
1697,spoon
1698,plate
1701,fork
1703,knife
1704,plate
1706,plate
1707,fork
1708,glass
1709,plate
1711,cup
1716,glass
1717,knife
1719,cup
1720,plate
1721,spoon
1723,knife
1726,plate
1727,plate
1728,cup
1731,knife
1732,plate
1733,knife
1734,spoon
1736,spoon
1740,cup
1743,fork
1746,knife
1747,cup
1748,glass
1749,glass
1751,glass
1759,plate
1761,glass
1764,fork
1765,glass
1766,cup
1771,knife
1772,spoon
1773,spoon
1777,cup
1778,knife
1780,cup
1783,cup
1784,fork
1785,cup
1787,knife
1788,knife
1790,plate
1792,spoon
1795,glass
1796,cup
1799,cup
1800,knife
1801,cup
1802,spoon
1803,cup
1804,knife
1805,plate
1806,plate
1808,spoon
1810,cup
1811,fork
1812,plate
1818,plate
1819,spoon
1821,knife
1822,cup
1825,cup
1826,fork
1827,knife
1829,cup
1831,spoon
1835,cup
1836,knife
1837,knife
1838,fork
1840,fork
1841,glass
1842,spoon
1845,fork
1847,fork
1849,fork
1850,plate
1852,glass
1853,fork
1854,plate
1855,knife
1856,knife
1857,plate
1859,glass
1861,knife
1864,plate
1867,spoon
1868,knife
1870,spoon
1872,fork
1874,cup
1875,spoon
1878,plate
1880,plate
1882,plate
1883,cup
1884,plate
1885,plate
1889,fork
1890,plate
1895,cup
1898,glass
1900,spoon
1902,glass
1903,cup
1905,knife
1908,glass
1910,spoon
1911,cup
1914,cup
1915,spoon
1916,plate
1918,fork
1919,knife
1920,plate
1923,knife
1924,fork
1925,cup
1926,cup
1927,plate
1929,spoon
1931,spoon
1932,plate
1933,knife
1934,knife
1936,plate
1937,glass
1942,plate
1947,knife
1948,spoon
1950,plate
1952,cup
1953,plate
1954,glass
1955,spoon
1957,spoon
1959,knife
1961,glass
1962,spoon
1963,spoon
1965,plate
1966,plate
1967,fork
1974,spoon
1975,knife
1976,plate
1977,fork
1978,spoon
1981,plate
1984,plate
1985,knife
1986,glass
1987,plate
1988,fork
1990,glass
1991,spoon
1992,knife
1993,knife
1994,plate
1995,spoon
1997,cup
2000,spoon
2001,plate
2002,glass
2003,plate
2005,cup
2007,plate
2008,cup
2010,cup
2011,spoon
2013,fork
2014,knife
2019,knife
2020,plate
2021,plate
2024,knife
2026,fork
2027,knife
2028,knife
2031,glass
2032,knife
2034,spoon
2037,cup
2039,knife
2040,plate
2043,spoon
2044,glass
2046,plate
2047,plate
2048,plate
2051,spoon
2053,fork
2056,plate
2058,glass
2059,plate
2060,plate
2063,cup
2064,plate
2068,fork
2069,cup
2070,cup
2071,fork
2072,plate
2076,glass
2078,spoon
2079,cup
2080,fork
2081,cup
2084,plate
2085,knife
2086,knife
2087,knife
2088,knife
2089,cup
2090,plate
2091,cup
2092,plate
2093,knife
2094,cup
2095,cup
2097,knife
2100,plate
2101,plate
2102,knife
2104,knife
2105,spoon
2106,plate
2109,cup
2111,cup
2112,fork
2114,spoon
2115,fork
2117,cup
2118,glass
2120,cup
2121,knife
2122,cup
2125,cup
2127,plate
2130,plate
2132,fork
2133,plate
2136,spoon
2137,glass
2140,plate
2141,glass
2142,plate
2144,knife
2145,fork
2146,plate
2147,glass
2148,fork
2149,plate
2153,spoon
2156,glass
2158,glass
2162,knife
2163,knife
2164,cup
2165,cup
2167,spoon
2168,fork
2170,spoon
2171,fork
2172,glass
2173,knife
2174,cup
2175,glass
2176,plate
2177,cup
2179,spoon
2180,spoon
2183,cup
2184,glass
2185,glass
2186,fork
2187,fork
2188,cup
2189,knife
2191,spoon
2195,spoon
2197,cup
2198,cup
2200,cup
2201,spoon
2202,spoon
2203,plate
2204,plate
2205,glass
2206,glass
2207,glass
2209,spoon
2210,plate
2213,glass
2214,spoon
2215,cup
2216,spoon
2217,plate
2218,glass
2220,plate
2222,spoon
2225,knife
2229,spoon
2230,glass
2231,plate
2232,knife
2234,knife
2237,spoon
2242,glass
2243,cup
2245,spoon
2246,plate
2247,plate
2249,knife
2250,cup
2252,cup
2253,glass
2254,cup
2257,spoon
2259,cup
2260,glass
2262,fork
2264,fork
2265,glass
2271,glass
2273,fork
2275,plate
2276,cup
2279,knife
2280,cup
2282,cup
2288,spoon
2289,fork
2292,fork
2294,plate
2295,plate
2296,glass
2298,cup
2301,plate
2302,fork
2305,cup
2306,cup
2307,spoon
2309,cup
2311,fork
2314,plate
2316,cup
2318,glass
2325,spoon
2326,knife
2327,plate
2328,knife
2334,knife
2335,cup
2336,plate
2337,spoon
2338,fork
2339,plate
2343,fork
2344,fork
2345,cup
2348,cup
2349,plate
2350,plate
2351,knife
2353,fork
2354,plate
2356,plate
2357,knife
2360,plate
2363,glass
2366,glass
2368,spoon
2369,fork
2371,cup
2374,plate
2377,spoon
2378,glass
2380,fork
2381,knife
2382,spoon
2384,fork
2385,cup
2388,knife
2391,cup
2392,cup
2395,plate
2399,knife
2401,plate
2402,knife
2403,knife
2404,spoon
2406,spoon
2413,spoon
2414,knife
2415,glass
2418,glass
2419,plate
2422,cup
2423,plate
2425,cup
2426,spoon
2427,plate
2428,spoon
2433,fork
2434,cup
2435,plate
2437,plate
2438,fork
2439,spoon
2440,plate
2441,plate
2445,spoon
2447,cup
2448,glass
2449,spoon
2451,knife
2453,cup
2454,glass
2455,cup
2456,cup
2459,plate
2460,plate
2461,cup
2464,cup
2466,plate
2467,knife
2470,spoon
2471,plate
2472,glass
2473,plate
2474,spoon
2476,glass
2477,spoon
2478,fork
2479,cup
2480,plate
2482,glass
2484,cup
2485,spoon
2491,knife
2493,fork
2494,plate
2495,cup
2497,plate
2499,plate
2500,plate
2503,spoon
2504,knife
2505,spoon
2508,fork
2511,fork
2512,cup
2513,plate
2514,cup
2515,spoon
2517,cup
2518,plate
2519,cup
2520,knife
2522,knife
2523,fork
2526,plate
2528,glass
2529,spoon
2530,glass
2536,glass
2537,spoon
2539,cup
2542,glass
2543,plate
2545,cup
2547,knife
2548,cup
2551,fork
2552,cup
2555,knife
2556,plate
2558,knife
2559,cup
2562,spoon
2563,knife
2564,spoon
2565,spoon
2566,glass
2567,spoon
2569,cup
2572,knife
2573,fork
2575,cup
2576,spoon
2577,spoon
2580,cup
2581,cup
2585,fork
2586,knife
2587,spoon
2588,plate
2589,plate
2590,fork
2591,spoon
2592,knife
2593,knife
2594,spoon
2595,cup
2596,plate
2598,knife
2601,knife
2602,fork
2603,knife
2604,plate
2606,plate
2609,glass
2610,plate
2611,plate
2612,knife
2613,knife
2615,plate
2617,fork
2619,plate
2620,knife
2621,spoon
2622,plate
2623,spoon
2629,plate
2631,spoon
2632,plate
2634,knife
2635,plate
2636,knife
2638,spoon
2641,fork
2644,plate
2645,cup
2647,glass
2648,glass
2649,cup
2650,fork
2651,plate
2653,spoon
2654,glass
2656,cup
2657,spoon
2659,glass
2662,knife
2664,plate
2665,cup
2666,cup
2667,fork
2668,spoon
2669,plate
2670,glass
2672,knife
2673,spoon
2674,knife
2676,plate
2678,cup
2679,plate
2683,cup
2688,cup
2690,plate
2691,spoon
2692,cup
2693,fork
2695,knife
2696,cup
2697,knife
2700,knife
2702,spoon
2703,plate
2704,cup
2707,spoon
2708,plate
2709,spoon
2711,glass
2715,cup
2720,plate
2722,knife
2723,fork
2726,plate
2734,plate
2735,fork
2736,glass
2737,knife
2739,cup
2743,cup
2745,knife
2746,plate
2747,plate
2748,cup
2749,spoon
2751,spoon
2753,spoon
2754,plate
2755,knife
2757,cup
2758,plate
2760,knife
2763,cup
2765,plate
2767,cup
2768,spoon
2771,plate
2772,cup
2773,spoon
2776,spoon
2778,knife
2779,plate
2780,plate
2781,glass
2782,knife
2785,fork
2787,glass
2789,plate
2793,plate
2794,knife
2796,plate
2797,knife
2799,knife
2800,spoon
2802,plate
2804,cup
2805,glass
2806,glass
2807,cup
2808,glass
2809,plate
2810,cup
2811,fork
2813,cup
2814,cup
2816,spoon
2817,fork
2818,glass
2819,cup
2820,cup
2825,cup
2826,plate
2828,cup
2830,spoon
2831,cup
2832,cup
2833,plate
2836,glass
2838,plate
2839,glass
2840,plate
2841,plate
2842,cup
2843,knife
2845,cup
2848,cup
2849,spoon
2850,fork
2852,plate
2854,plate
2855,plate
2859,plate
2860,spoon
2861,spoon
2863,glass
2865,knife
2866,fork
2867,plate
2869,fork
2871,cup
2873,cup
2874,cup
2876,knife
2877,glass
2882,plate
2883,plate
2885,cup
2887,plate
2894,glass
2896,fork
2897,glass
2899,knife
2901,cup
2903,cup
2905,glass
2906,glass
2909,spoon
2911,knife
2913,knife
2914,spoon
2917,plate
2918,plate
2920,cup
2924,cup
2926,plate
2927,fork
2929,knife
2930,fork
2932,fork
2933,plate
2934,plate
2936,spoon
2937,fork
2938,plate
2940,cup
2941,plate
2944,spoon
2947,plate
2948,cup
2951,plate
2954,spoon
2955,plate
2959,glass
2961,glass
2962,cup
2963,cup
2965,glass
2967,plate
2969,glass
2970,spoon
2972,knife
2973,spoon
2974,knife
2976,cup
2978,plate
2979,spoon
2981,spoon
2983,glass
2984,spoon
2986,spoon
2987,plate
2988,glass
2990,fork
2992,fork
2993,cup
2996,plate
2998,plate
2999,spoon
3000,glass
3001,spoon
3002,plate
3003,spoon
3004,knife
3006,cup
3007,plate
3009,cup
3011,glass
3012,knife
3013,knife
3015,glass
3017,glass
3018,glass
3021,glass
3022,plate
3024,cup
3025,plate
3026,cup
3029,cup
3030,glass
3031,spoon
3032,plate
3033,glass
3035,spoon
3036,glass
3037,cup
3038,cup
3039,knife
3040,cup
3042,plate
3045,cup
3047,plate
3052,plate
3053,knife
3054,cup
3055,spoon
3056,knife
3057,knife
3059,cup
3063,plate
3064,knife
3065,plate
3066,knife
3067,spoon
3071,spoon
3075,spoon
3077,spoon
3079,cup
3080,glass
3082,glass
3083,knife
3084,cup
3086,knife
3089,plate
3092,knife
3093,plate
3096,plate
3097,plate
3099,plate
3100,knife
3101,fork
3102,cup
3103,knife
3104,cup
3105,knife
3106,fork
3107,cup
3108,knife
3109,plate
3111,fork
3112,cup
3115,glass
3116,cup
3117,cup
3118,plate
3119,glass
3120,plate
3122,fork
3124,knife
3125,cup
3126,glass
3130,knife
3133,fork
3138,cup
3139,plate
3140,cup
3141,glass
3143,spoon
3144,plate
3146,knife
3148,fork
3149,fork
3150,knife
3152,spoon
3154,cup
3156,plate
3157,knife
3158,knife
3159,glass
3160,spoon
3163,spoon
3164,plate
3166,glass
3169,spoon
3170,cup
3173,spoon
3174,knife
3175,spoon
3176,glass
3178,glass
3181,knife
3183,cup
3186,glass
3187,plate
3190,knife
3194,knife
3195,cup
3196,spoon
3197,fork
3199,cup
3200,cup
3201,plate
3202,knife
3204,plate
3205,knife
3206,spoon
3207,plate
3210,cup
3211,fork
3212,glass
3213,knife
3216,cup
3217,spoon
3218,plate
3219,plate
3221,cup
3223,knife
3224,plate
3225,cup
3226,glass
3229,cup
3230,cup
3231,plate
3232,plate
3236,cup
3237,glass
3238,cup
3240,spoon
3241,knife
3243,fork
3244,knife
3245,spoon
3246,plate
3252,spoon
3255,fork
3256,cup
3257,fork
3258,cup
3263,glass
3266,knife
3267,spoon
3268,knife
3269,knife
3270,glass
3272,plate
3273,fork
3276,spoon
3278,fork
3280,spoon
3281,spoon
3282,cup
3286,knife
3287,fork
3288,glass
3289,knife
3291,knife
3294,fork
3296,cup
3298,knife
3299,spoon
3304,glass
3305,knife
3308,plate
3310,glass
3312,plate
3314,knife
3316,cup
3318,spoon
3319,cup
3326,spoon
3327,plate
3329,plate
3331,cup
3333,spoon
3336,spoon
3337,plate
3339,cup
3341,knife
3342,spoon
3343,cup
3344,spoon
3345,knife
3346,fork
3347,fork
3350,fork
3353,cup
3354,plate
3355,spoon
3356,cup
3358,fork
3361,plate
3362,knife
3366,knife
3367,fork
3369,knife
3370,cup
3372,fork
3374,cup
3381,spoon
3382,knife
3384,cup
3386,cup
3389,cup
3392,spoon
3393,knife
3394,plate
3396,knife
3397,knife
3398,glass
3399,fork
3401,glass
3402,spoon
3405,knife
3406,spoon
3409,plate
3411,spoon
3412,glass
3413,plate
3414,spoon
3415,plate
3417,knife
3419,fork
3420,knife
3421,glass
3424,plate
3425,plate
3426,glass
3427,glass
3428,spoon
3431,fork
3432,plate
3434,knife
3435,glass
3436,glass
3438,spoon
3439,knife
3443,cup
3444,spoon
3446,plate
3448,plate
3449,spoon
3451,glass
3454,spoon
3455,knife
3457,fork
3460,cup
3461,cup
3462,cup
3463,spoon
3465,knife
3466,glass
3469,spoon
3470,cup
3474,glass
3476,fork
3477,knife
3479,glass
3480,spoon
3483,knife
3484,plate
3486,plate
3487,spoon
3489,knife
3490,knife
3491,glass
3492,plate
3493,plate
3496,knife
3497,fork
3499,plate
3501,cup
3503,knife
3505,plate
3506,spoon
3507,cup
3508,spoon
3509,spoon
3510,plate
3512,plate
3514,knife
3516,fork
3520,knife
3521,fork
3522,spoon
3525,spoon
3526,spoon
3531,cup
3532,plate
3533,knife
3535,spoon
3537,glass
3538,cup
3539,spoon
3540,spoon
3543,fork
3544,spoon
3545,knife
3546,spoon
3548,spoon
3550,cup
3552,plate
3555,knife
3556,spoon
3557,spoon
3558,spoon
3560,glass
3561,plate
3562,cup
3564,cup
3569,fork
3570,spoon
3571,fork
3572,spoon
3574,spoon
3576,plate
3577,cup
3578,spoon
3580,fork
3581,plate
3583,plate
3585,knife
3586,spoon
3587,spoon
3588,plate
3589,spoon
3590,spoon
3592,spoon
3593,spoon
3595,spoon
3599,fork
3601,plate
3602,plate
3603,glass
3605,knife
3607,spoon
3611,fork
3612,glass
3613,fork
3614,plate
3616,cup
3617,knife
3618,plate
3624,plate
3626,knife
3627,spoon
3628,knife
3630,cup
3631,plate
3632,cup
3633,glass
3637,glass
3638,spoon
3639,glass
3640,plate
3641,spoon
3642,spoon
3644,plate
3645,glass
3646,fork
3648,knife
3649,spoon
3651,spoon
3652,plate
3653,glass
3656,spoon
3658,cup
3659,plate
3660,plate
3661,spoon
3662,glass
3665,plate
3670,glass
3673,plate
3674,cup
3675,cup
3676,fork
3677,knife
3679,plate
3681,glass
3684,glass
3685,knife
3688,plate
3689,cup
3693,cup
3694,cup
3695,glass
3698,fork
3703,spoon
3704,cup
3707,glass
3710,plate
3711,cup
3715,plate
3717,plate
3718,plate
3719,fork
3720,plate
3721,knife
3722,fork
3723,plate
3724,knife
3725,fork
3726,cup
3727,plate
3728,fork
3731,fork
3732,spoon
3733,glass
3735,cup
3737,plate
3738,plate
3739,plate
3740,cup
3742,cup
3745,glass
3746,knife
3747,cup
3748,knife
3749,fork
3754,knife
3759,cup
3761,cup
3762,plate
3763,spoon
3764,spoon
3765,spoon
3766,fork
3770,knife
3771,knife
3773,cup
3775,spoon
3776,knife
3777,plate
3778,spoon
3780,plate
3781,fork
3782,glass
3786,plate
3789,cup
3791,glass
3792,glass
3793,cup
3796,spoon
3797,glass
3800,plate
3801,knife
3802,knife
3803,plate
3804,spoon
3805,fork
3806,knife
3808,knife
3811,glass
3812,fork
3813,knife
3814,fork
3816,plate
3818,cup
3819,plate
3821,plate
3824,plate
3830,glass
3832,glass
3834,knife
3837,cup
3838,cup
3839,plate
3840,plate
3841,knife
3843,plate
3846,glass
3847,cup
3852,spoon
3857,cup
3859,cup
3860,spoon
3862,glass
3863,cup
3864,plate
3867,plate
3868,plate
3872,plate
3873,fork
3877,cup
3878,cup
3880,spoon
3882,cup
3883,spoon
3886,cup
3888,glass
3889,knife
3890,glass
3892,plate
3893,cup
3894,fork
3895,plate
3896,plate
3897,glass
3898,spoon
3900,plate
3901,glass
3902,cup
3903,plate
3905,spoon
3908,glass
3909,knife
3910,spoon
3912,plate
3916,knife
3920,glass
3921,knife
3922,cup
3923,fork
3924,spoon
3925,spoon
3926,glass
3927,plate
3928,cup
3929,glass
3930,cup
3931,spoon
3932,cup
3933,glass
3936,cup
3937,plate
3938,knife
3940,knife
3941,spoon
3943,plate
3944,cup
3945,fork
3946,plate
3947,spoon
3948,glass
3950,plate
3952,knife
3953,plate
3954,cup
3955,glass
3956,knife
3958,cup
3961,spoon
3965,cup
3966,cup
3967,glass
3969,plate
3971,glass
3973,glass
3978,fork
3979,plate
3980,fork
3984,knife
3987,plate
3989,cup
3990,knife
3992,cup
3995,spoon
3999,spoon
4002,knife
4003,cup
4005,glass
4006,knife
4007,fork
4012,spoon
4013,cup
4014,fork
4015,fork
4016,plate
4017,cup
4022,cup
4023,plate
4024,spoon
4028,spoon
4030,cup
4031,plate
4034,glass
4035,fork
4036,knife
4039,glass
4040,cup
4044,glass
4045,plate
4047,plate
4048,plate
4050,plate
4051,cup
4052,knife
4053,spoon
4054,plate
4059,cup
4060,fork
4062,fork
4064,cup
4065,glass
4066,cup
4069,plate
4071,cup
4072,cup
4074,cup
4075,spoon
4076,plate
4077,glass
4081,spoon
4082,spoon
4083,plate
4086,cup
4087,spoon
4088,spoon
4090,plate
4091,glass
4092,plate
4094,plate
4095,knife
4097,knife
4099,cup
4100,cup
4101,knife
4102,cup
4103,glass
4106,plate
4107,fork
4108,cup
4110,glass
4111,cup
4112,spoon
4113,plate
4116,cup
4117,plate
4119,fork
4120,plate
4122,cup
4123,knife
4124,cup
4126,knife
4129,knife
4130,plate
4132,knife
4135,plate
4136,cup
4137,spoon
4138,cup
4139,cup
4142,glass
4144,knife
4145,plate
4146,knife
4149,plate
4151,knife
4152,cup
4154,spoon
4155,cup
4156,plate
4157,glass
4159,spoon
4160,plate
4163,fork
4165,plate
4166,knife
4169,spoon
4170,plate
4171,plate
4172,cup
4174,plate
4175,cup
4176,spoon
4178,plate
4179,cup
4181,fork
4184,cup
4186,glass
4187,spoon
4189,spoon
4191,glass
4194,plate
4195,cup
4196,spoon
4197,spoon
4198,spoon
4200,knife
4205,glass
4206,spoon
4207,spoon
4208,plate
4212,glass
4213,fork
4215,plate
4216,cup
4217,knife
4218,spoon
4221,plate
4223,plate
4225,plate
4226,knife
4227,knife
4228,cup
4229,plate
4231,plate
4233,fork
4234,fork
4235,plate
4237,spoon
4238,fork
4239,fork
4241,plate
4242,cup
4243,glass
4244,cup
4249,spoon
4255,plate
4256,cup
4257,knife
4258,spoon
4259,plate
4261,spoon
4265,glass
4266,knife
4268,glass
4272,plate
4274,cup
4275,glass
4276,fork
4277,plate
4278,plate
4279,knife
4281,knife
4282,spoon
4284,cup
4285,cup
4286,glass
4287,fork
4289,knife
4290,knife
4291,plate
4292,knife
4294,glass
4295,spoon
4298,fork
4303,plate
4304,plate
4305,spoon
4310,plate
4311,knife
4313,fork
4314,fork
4319,spoon
4320,cup
4322,spoon
4323,spoon
4325,knife
4326,knife
4328,glass
4329,spoon
4330,knife
4331,cup
4333,knife
4337,spoon
4338,glass
4341,cup
4342,glass
4343,spoon
4345,knife
4346,knife
4347,spoon
4348,spoon
4350,cup
4351,fork
4352,fork
4353,cup
4354,plate
4360,glass
4361,cup
4362,fork
4364,plate
4367,plate
4369,knife
4371,fork
4372,glass
4373,knife
4374,spoon
4376,plate
4377,knife
4378,glass
4383,spoon
4385,spoon
4389,cup
4390,fork
4391,cup
4392,plate
4393,plate
4394,spoon
4395,cup
4396,plate
4397,fork
4398,knife
4401,knife
4403,cup
4405,cup
4408,fork
4411,cup
4412,spoon
4419,knife
4420,plate
4426,spoon
4428,knife
4430,fork
4431,glass
4433,spoon
4434,plate
4435,spoon
4436,spoon
4438,knife
4439,spoon
4442,glass
4443,plate
4445,cup
4446,glass
4448,glass
4449,fork
4450,knife
4451,cup
4452,cup
4453,knife
4454,knife
4455,knife
4457,cup
4458,plate
4460,spoon
4461,knife
4462,cup
4463,cup
4464,plate
4466,knife
4471,plate
4472,fork
4473,plate
4475,fork
4477,cup
4479,plate
4481,plate
4482,spoon
4486,cup
4487,spoon
4490,knife
4491,knife
4492,cup
4493,fork
4495,glass
4496,cup
4497,fork
4499,plate
4500,knife
4501,cup
4502,cup
4503,plate
4505,glass
4507,plate
4508,cup
4509,glass
4512,plate
4515,plate
4516,knife
4518,plate
4519,fork
4520,knife
4521,cup
4522,plate
4524,plate
4526,spoon
4527,plate
4529,plate
4530,knife
4531,glass
4532,spoon
4533,glass
4534,cup
4535,spoon
4536,cup
4538,spoon
4542,knife
4544,glass
4545,cup
4546,spoon
4547,cup
4550,cup
4551,glass
4553,plate
4556,glass
4557,spoon
4559,spoon
4560,cup
4562,spoon
4564,plate
4565,spoon
4566,plate
4569,knife
4570,cup
4571,glass
4573,plate
4575,glass
4578,glass
4580,spoon
4582,cup
4586,plate
4588,plate
4589,plate
4591,fork
4593,knife
4594,plate
4595,cup
4597,knife
4600,glass
4602,knife
4603,cup
4605,cup
4606,plate
4609,plate
4610,plate
4614,glass
4615,cup
4616,plate
4617,knife
4618,glass
4619,spoon
4623,cup
4625,cup
4627,glass
4628,cup
4629,fork
4630,plate
4631,spoon
4634,spoon
4638,glass
4639,cup
4641,spoon
4642,knife
4643,spoon
4645,cup
4647,spoon
4648,plate
4649,knife
4650,plate
4652,spoon
4654,knife
4656,glass
4657,plate
4658,glass
4659,cup
4662,knife
4666,cup
4668,glass
4674,glass
4675,cup
4678,plate
4680,plate
4681,knife
4682,plate
4683,spoon
4685,cup
4689,cup
4690,plate
4691,plate
4693,plate
4696,glass
4697,cup
4699,fork
4702,glass
4703,spoon
4704,spoon
4706,plate
4708,knife
4711,plate
4713,knife
4714,fork
4715,plate
4720,spoon
4721,knife
4722,spoon
4723,spoon
4724,glass
4725,knife
4727,cup
4728,glass
4731,plate
4734,glass
4738,fork
4739,spoon
4741,fork
4742,knife
4744,plate
4746,spoon
4747,cup
4748,glass
4749,spoon
4751,spoon
4752,glass
4754,knife
4755,plate
4756,plate
4758,plate
4762,fork
4763,spoon
4764,spoon
4765,fork
4766,knife
4768,spoon
4769,knife
4771,glass
4772,cup
4774,glass
4778,fork
4780,knife
4781,plate
4783,knife
4784,spoon
4785,plate
4786,plate
4787,cup
4792,cup
4793,cup
4795,plate
4797,cup
4800,glass
4805,glass
4806,knife
4807,spoon
4808,cup
4809,cup
4811,spoon
4813,plate
4814,cup
4816,knife
4817,knife
4818,plate
4819,spoon
4820,knife
4821,spoon
4823,spoon
4824,plate
4826,glass
4829,glass
4833,cup
4834,knife
4835,plate
4836,knife
4837,plate
4838,spoon
4839,cup
4841,fork
4842,knife
4844,fork
4845,cup
4846,spoon
4847,plate
4848,glass
4849,plate
4851,knife
4852,knife
4853,plate
4854,glass
4855,cup
4856,glass
4857,cup
4858,glass
4859,plate
4860,spoon
4861,spoon
4864,cup
4866,fork
4867,knife
4868,cup
4869,knife
4872,cup
4874,fork
4876,cup
4877,cup
4878,knife
4879,plate
4880,spoon
4881,plate
4882,cup
4883,spoon
4884,plate
4886,plate
4887,knife
4888,knife
4889,plate
4890,knife
4892,spoon
4893,knife
4895,plate
4896,glass
4897,spoon
4898,spoon
4900,spoon
4901,cup
4903,cup
4904,glass
4906,cup
4908,knife
4909,cup
4910,spoon
4912,knife
4919,knife
4920,plate
4921,cup
4922,cup
4923,glass
4924,spoon
4925,spoon
4927,spoon
4928,cup
4929,plate
4930,cup
4933,cup
4935,cup
4936,plate
4937,glass
4938,knife
4940,plate
4941,cup
4942,plate
4943,fork
4944,spoon
4945,glass
4946,glass
4947,spoon
4950,cup
4951,spoon
4952,cup
4953,spoon
4957,spoon
4958,cup
4962,fork
4963,plate
4965,plate
4966,glass
4967,fork
4969,plate
4973,cup
4975,glass
4979,glass
4980,spoon
4984,plate
4985,plate
4986,spoon
4991,knife
4992,cup
4993,knife
4994,knife
4995,knife
4996,glass
4997,knife
4998,plate
4999,cup
5002,knife
5003,knife
5004,knife
5006,spoon
5009,cup
5010,glass
5011,glass
5012,plate
5013,plate
5015,knife
5016,knife
5019,cup
5020,plate
5022,glass
5023,glass
5026,knife
5027,fork
5028,cup
5032,plate
5034,cup
5035,cup
5036,cup
5039,knife
5041,spoon
5042,cup
5044,fork
5046,knife
5047,knife
5048,cup
5049,cup
5052,glass
5053,knife
5054,cup
5055,glass
5056,glass
5057,spoon
5058,fork
5059,knife
5060,knife
5062,plate
5064,plate
5065,glass
5068,plate
5070,glass
5071,cup
5073,plate
5076,plate
5077,cup
5078,fork
5079,cup
5080,knife
5081,cup
5084,cup
5086,spoon
5087,cup
5089,glass
5092,spoon
5093,knife
5094,fork
5097,cup
5098,glass
5099,glass
5100,knife
5102,glass
5105,cup
5106,fork
5108,fork
5109,glass
5110,glass
5115,cup
5116,cup
5117,glass
5118,knife
5119,plate
5120,plate
5121,plate
5122,spoon
5123,fork
5124,fork
5125,cup
5127,cup
5128,plate
5129,cup
5130,plate
5134,plate
5137,cup
5141,fork
5144,plate
5145,cup
5146,spoon
5147,plate
5149,plate
5150,knife
5151,plate
5152,cup
5153,cup
5154,fork
5155,plate
5157,plate
5158,knife
5159,spoon
5161,plate
5162,fork
5163,plate
5164,knife
5165,plate
5166,glass
5168,fork
5169,spoon
5172,knife
5174,spoon
5175,glass
5177,spoon
5179,knife
5180,spoon
5181,knife
5182,spoon
5185,plate
5186,cup
5187,glass
5189,knife
5190,spoon
5192,cup
5193,spoon
5194,spoon
5196,spoon
5197,fork
5198,plate
5200,knife
5203,plate
5205,plate
5209,spoon
5211,spoon
5212,spoon
5213,knife
5214,knife
5215,cup
5222,knife
5223,cup
5224,plate
5225,plate
5226,fork
5227,plate
5228,fork
5229,knife
5230,knife
5233,plate
5234,spoon
5235,spoon
5237,spoon
5239,cup
5240,knife
5241,spoon
5244,cup
5245,knife
5246,knife
5247,cup
5248,knife
5252,plate
5253,fork
5256,plate
5257,plate
5259,cup
5262,glass
5263,knife
5264,cup
5265,cup
5269,cup
5270,spoon
5272,knife
5273,spoon
5278,knife
5279,plate
5280,plate
5281,plate
5282,spoon
5284,fork
5286,cup
5291,knife
5292,fork
5293,glass
5294,spoon
5295,plate
5298,plate
5300,cup
5301,spoon
5302,spoon
5303,knife
5304,cup
5305,plate
5306,knife
5307,spoon
5308,plate
5312,glass
5313,plate
5314,cup
5315,knife
5316,glass
5317,plate
5319,glass
5320,spoon
5321,knife
5322,plate
5323,spoon
5324,spoon
5325,cup
5326,spoon
5330,glass
5332,plate
5333,cup
5337,knife
5338,cup
5340,plate
5341,cup
5342,knife
5343,fork
5344,spoon
5347,plate
5348,spoon
5349,cup
5353,spoon
5354,cup
5355,spoon
5356,knife
5357,glass
5358,cup
5359,knife
5360,knife
5361,cup
5363,cup
5364,fork
5367,fork
5368,cup
5369,knife
5372,plate
5373,knife
5375,knife
5378,fork
5380,spoon
5382,plate
5383,cup
5384,fork
5385,knife
5386,knife
5388,spoon
5393,spoon
5394,spoon
5396,plate
5397,cup
5398,glass
5399,glass
5400,fork
5402,plate
5403,spoon
5404,plate
5405,cup
5406,plate
5407,fork
5410,cup
5412,cup
5413,spoon
5415,fork
5419,glass
5420,cup
5422,plate
5423,cup
5426,glass
5429,glass
5432,plate
5434,glass
5437,spoon
5440,knife
5441,knife
5443,knife
5445,spoon
5446,knife
5448,spoon
5449,glass
5450,fork
5451,fork
5452,spoon
5453,glass
5454,cup
5455,knife
5456,glass
5457,cup
5458,cup
5459,spoon
5461,plate
5462,cup
5463,spoon
5466,spoon
5468,fork
5470,plate
5471,knife
5472,plate
5477,glass
5478,spoon
5479,plate
5480,cup
5481,cup
5483,spoon
5485,fork
5486,cup
5487,plate
5488,spoon
5490,knife
5491,glass
5492,fork
5494,plate
5496,fork
5497,glass
5499,plate
5500,fork
5501,knife
5505,glass
5506,spoon
5509,knife
5511,spoon
5513,spoon
5514,plate
5515,knife
5517,plate
5518,plate
5519,plate
5520,cup
5521,plate
5523,knife
5524,knife
5525,plate
5526,cup
5529,cup
5530,glass
5531,spoon
5532,knife
5534,plate
5535,cup
5537,cup
5538,glass
5539,glass
5544,cup
5545,glass
5546,plate
5548,plate
5550,knife
5551,fork
5553,glass
5555,glass
5556,knife
5558,plate
5561,glass
5563,cup
5564,spoon
5567,spoon
5568,cup
5569,knife
5570,cup
5571,spoon
5573,cup
5574,glass
5575,glass
5576,plate
5577,plate
5578,plate
5579,cup
5580,plate
5582,spoon
5585,cup
5588,cup
5589,spoon
5591,cup
5592,cup
5593,cup
5595,cup
5596,plate
5598,knife
5599,cup
5600,fork
5602,spoon
5605,glass
5606,spoon
5607,cup
5609,glass
5610,cup
5611,fork
5614,spoon
5615,spoon
5618,glass
5619,glass
5620,knife
5621,plate
5623,plate
5626,spoon
5627,spoon
5629,fork
5630,knife
5631,knife
5633,cup
5634,glass
5635,plate
5637,plate
5639,fork
5640,knife
5642,fork
5643,fork
5644,fork
5645,fork
5647,cup
5649,spoon
5651,plate
5652,knife
5653,cup
5655,cup
5656,glass
5657,cup
5658,plate
5660,plate
5661,cup
5662,plate
5663,spoon
5664,plate
5665,knife
5667,plate
5668,cup
5669,fork
5670,plate
5671,spoon
5672,knife
5673,plate
5674,spoon
5675,knife
5677,plate
5678,glass
5679,cup
5680,glass
5681,cup
5684,knife
5687,knife
5688,spoon
5690,spoon
5691,spoon
5692,knife
5693,glass
5696,glass
5701,spoon
5702,cup
5705,cup
5706,cup
5708,spoon
5711,fork
5713,cup
5714,glass
5715,plate
5716,plate
5717,glass
5719,knife
5721,spoon
5723,spoon
5724,knife
5725,plate
5726,spoon
5727,knife
5728,knife
5729,spoon
5735,spoon
5736,knife
5737,cup
5740,plate
5741,cup
5746,glass
5748,fork
5749,glass
5755,glass
5756,plate
5757,plate
5758,glass
5759,fork
5761,cup
5763,knife
5764,plate
5766,cup
5767,cup
5769,cup
5771,glass
5772,plate
5773,plate
5774,knife
5779,glass
5781,plate
5782,plate
5785,spoon
5789,spoon
5793,spoon
5794,cup
5795,fork
5796,cup
5797,cup
5798,knife
5800,spoon
5802,glass
5803,fork
5804,plate
5805,plate
5806,cup
5808,spoon
5809,cup
5810,plate
5811,glass
5812,plate
5816,cup
5819,knife
5820,plate
5822,cup
5823,glass
5824,plate
5825,glass
5826,spoon
5827,spoon
5828,spoon
5829,cup
5830,cup
5836,plate
5838,spoon
5841,cup
5842,spoon
5845,knife
5846,glass
5847,cup
5849,knife
5850,knife
5851,spoon
5853,spoon
5854,glass
5856,fork
5857,spoon
5859,plate
5861,knife
5863,glass
5864,plate
5865,cup
5866,cup
5870,fork
5871,fork
5872,plate
5874,plate
5875,glass
5876,glass
5877,spoon
5878,spoon
5880,knife
5881,cup
5882,fork
5883,spoon
5884,plate
5885,cup
5887,spoon
5889,plate
5890,fork
5891,knife
5893,fork
5895,spoon
5898,glass
5903,cup
5904,plate
5905,cup
5907,plate
5908,cup
5909,glass
5911,plate
5912,glass
5913,fork
5915,cup
5916,cup
5917,plate
5918,knife
5919,spoon
5925,spoon
5927,glass
5928,plate
5930,glass
5932,cup
5933,cup
5934,knife
5936,fork
5937,plate
5938,knife
5939,cup
5940,fork
5941,cup
5942,fork
5944,spoon
5948,cup
5950,cup
5951,cup
5952,cup
5954,knife
5956,glass
5957,spoon
5958,cup
5959,knife
5960,knife
5961,glass
5963,fork
5964,cup
5965,plate
5967,spoon
5968,knife
5969,plate
5971,plate
5973,cup
5974,fork
5975,knife
5976,glass
5978,spoon
5979,plate
5980,spoon
5982,spoon
5983,knife
5984,knife
5987,spoon
5988,glass
5990,glass
5993,knife
5994,cup
5995,spoon
5996,glass
5998,knife
5999,fork
6000,spoon
6005,plate
6006,plate
6007,cup
6008,cup
6009,cup
6011,glass
6012,knife
6013,glass
6014,plate
6015,spoon
6017,plate
6018,spoon
6019,cup
6020,plate
6022,spoon
6024,knife
6025,plate
6026,cup
6027,plate
6028,cup
6031,plate
6033,fork
6035,spoon
6036,plate
6040,cup
6042,cup
6043,cup
6044,knife
6045,knife
6046,spoon
6047,knife
6048,spoon
6049,plate
6050,glass
6051,plate
6052,spoon
6053,spoon
6055,plate
6058,knife
6062,cup
6063,plate
6064,plate
6067,glass
6068,glass
6073,spoon
6074,cup
6076,cup
6077,cup
6079,knife
6081,plate
6083,glass
6086,plate
6090,plate
6094,fork
6095,knife
6096,knife
6097,knife
6098,knife
6102,fork
6103,plate
6105,glass
6109,plate
6110,cup
6111,plate
6112,glass
6114,plate
6115,plate
6116,glass
6117,cup
6120,fork
6121,knife
6124,plate
6126,glass
6127,cup
6129,spoon
6134,cup
6135,knife
6136,cup
6137,glass
6138,glass
6139,knife
6140,cup
6141,fork
6142,cup
6143,plate
6144,plate
6145,spoon
6146,cup
6148,cup
6150,cup
6155,glass
6157,plate
6160,plate
6163,plate
6165,plate
6167,cup
6168,spoon
6170,cup
6171,knife
6172,cup
6173,glass
6175,plate
6176,spoon
6177,cup
6178,fork
6179,plate
6183,cup
6184,spoon
6185,glass
6186,knife
6188,cup
6190,spoon
6191,plate
6192,spoon
6193,fork
6194,knife
6195,spoon
6196,plate
6198,plate
6199,cup
6200,cup
6201,spoon
6202,spoon
6204,plate
6205,knife
6207,fork
6209,knife
6210,plate
6212,cup
6215,spoon
6216,glass
6217,plate
6219,cup
6220,glass
6223,plate
6224,plate
6226,plate
6227,knife
6230,spoon
6231,spoon
6232,cup
6234,glass
6235,spoon
6236,plate
6237,glass
6238,glass
6239,plate
6240,glass
6241,cup
6243,cup
6245,glass
6246,cup
6248,spoon
6249,plate
6252,glass
6253,spoon
6256,spoon
6259,glass
6263,knife
6265,cup
6266,spoon
6267,cup
6268,fork
6269,knife
6270,spoon
6271,glass
6272,spoon
6275,cup
6278,glass
6280,spoon
6281,spoon
6284,spoon
6285,glass
6287,spoon
6288,spoon
6290,glass
6291,spoon
6292,cup
6293,plate
6294,plate
6296,plate
6298,cup
6300,cup
6302,plate
6303,spoon
6304,spoon
6305,fork
6306,plate
6307,knife
6311,knife
6313,plate
6314,cup
6318,spoon
6319,fork
6321,spoon
6323,glass
6324,cup
6326,knife
6327,spoon
6330,glass
6332,glass
6333,spoon
6334,cup
6335,cup
6339,spoon
6341,glass
6342,cup
6343,glass
6345,knife
6347,cup
6348,plate
6349,plate
6350,plate
6351,plate
6352,cup
6353,fork
6355,knife
6357,spoon
6358,fork
6359,spoon
6360,spoon
6361,knife
6362,spoon
6363,spoon
6364,fork
6366,spoon
6367,cup
6369,fork
6370,plate
6371,plate
6373,fork
6376,knife
6377,fork
6382,cup
6383,knife
6384,cup
6385,cup
6387,plate
6388,spoon
6389,plate
6390,fork
6391,plate
6392,spoon
6393,spoon
6394,plate
6398,knife
6400,spoon
6404,plate
6406,cup
6407,knife
6408,glass
6409,knife
6410,knife
6412,cup
6413,cup
6414,spoon
6416,cup
6417,knife
6419,knife
6421,plate
6422,spoon
6423,knife
6426,spoon
6428,spoon
6429,spoon
6430,plate
6431,knife
6432,plate
6433,plate
6434,plate
6435,spoon
6436,spoon
6437,knife
6438,glass
6439,knife
6440,spoon
6441,knife
6443,knife
6445,plate
6446,fork
6447,fork
6448,knife
6449,fork
6451,spoon
6452,spoon
6453,cup
6455,cup
6459,fork
6460,knife
6461,plate
6464,spoon
6466,glass
6471,plate
6476,knife
6477,glass
6478,glass
6479,plate
6481,plate
6482,spoon
6485,knife
6486,spoon
6487,plate
6489,plate
6491,knife
6492,knife
6493,glass
6495,glass
6497,plate
6501,cup
6502,cup
6503,glass
6505,knife
6510,spoon
6515,glass
6516,glass
6520,spoon
6521,spoon
6522,cup
6525,plate
6527,knife
6528,spoon
6530,glass
6531,cup
6532,plate
6533,glass
6534,plate
6535,knife
6537,glass
6541,plate
6542,cup
6545,cup
6546,knife
6547,cup
6548,plate
6550,plate
6551,cup
6552,plate
6553,knife
6555,spoon
6558,plate
6559,cup
6562,knife
6563,spoon
6565,knife
6567,fork
6569,spoon
6570,knife
6571,spoon
6573,cup
6576,plate
6578,plate
6580,cup
6581,glass
6582,plate
6583,cup
6586,spoon
6587,knife
6590,fork
6592,knife
6594,fork
6597,cup
6600,glass
6603,knife
6604,fork
6605,glass
6607,cup
6608,fork
6609,glass
6610,cup
6612,plate
6613,knife
6614,cup
6615,spoon
6616,spoon
6617,spoon
6618,knife
6619,spoon
6625,fork
6626,knife
6627,glass
6629,plate
6630,cup
6632,plate
6633,knife
6636,glass
6638,spoon
6639,spoon
6645,spoon
6646,cup
6649,knife
6651,fork
6652,knife
6655,cup
6657,plate
6659,knife
6660,cup
6661,glass
6662,spoon
6663,knife
6664,fork
6665,fork
6667,cup
6668,fork
6670,fork
6671,knife
6672,spoon
6674,cup
6676,plate
6678,knife
6683,glass
6684,glass
6685,knife
6686,spoon
6687,knife
6689,cup
6690,knife
6691,fork
6692,spoon
6694,knife
6695,cup
6698,glass
6701,knife
6703,glass
6704,cup
6708,spoon
6709,plate
6710,fork
6714,plate
6716,cup
6718,knife
6721,plate
6722,plate
6723,cup
6725,cup
6726,fork
6731,knife
6733,knife
6734,plate
6737,plate
6738,spoon
6742,cup
6743,glass
6744,plate
6745,glass
6746,knife
6748,glass
6750,knife
6751,glass
6753,spoon
6754,plate
6755,spoon
6756,spoon
6757,plate
6758,plate
6759,plate
6760,cup
6764,glass
6765,plate
6766,cup
6767,plate
6768,plate
6769,spoon
6770,plate
6771,plate
6773,fork
6776,glass
6781,fork
6782,knife
6783,spoon
6784,spoon
6786,plate
6788,knife
6789,spoon
6791,plate
6793,knife
6794,knife
6796,spoon
6797,plate
6800,plate
6804,glass
6805,fork
6808,fork
6809,spoon
6810,knife
6811,spoon
6812,fork
6813,spoon
6814,fork
6816,cup
6818,cup
6819,glass
6820,glass
6823,spoon
6824,spoon
6825,spoon
6826,knife
6827,cup
6828,plate
6829,cup
6831,cup
6832,knife
6833,cup
6834,cup
6835,spoon
6836,cup
6837,spoon
6838,fork
6839,plate
6841,glass
6843,fork
6844,plate
6846,knife
6847,knife
6850,cup
6851,glass
6855,glass
6857,cup
6858,fork
6860,cup
6861,cup
6862,glass
6863,knife
6864,cup
6865,cup
6866,cup
6867,glass
6868,glass
6871,cup
6872,fork
6873,knife
6878,spoon
6880,plate
6881,plate
6882,spoon
6884,fork
6888,knife
6889,cup
6891,plate
6897,spoon
6898,fork
6900,glass
6902,fork
6903,plate
6906,cup
6907,knife
6910,plate
6912,plate
6916,fork
6918,knife
6919,spoon
6920,plate
6923,cup
6926,plate
6928,spoon
6929,cup
6930,knife
6934,glass
6935,spoon
6936,plate
6938,cup
6940,cup
6942,cup
6943,plate
6946,knife
6949,plate
6950,plate
6951,spoon
6955,glass
6956,spoon
6958,spoon
6959,glass
6963,knife
6964,glass
6966,cup
6967,plate
6969,fork
6970,plate
6971,cup
6972,spoon
6975,cup
6976,cup
6977,knife
6978,plate
6981,spoon
6982,spoon
6983,plate
6984,spoon
6986,spoon
6989,glass
6990,fork
6991,spoon
6992,knife
6993,glass
6994,glass
6995,knife
6996,knife
7000,cup
7001,fork
7002,spoon
7004,cup
7006,knife
7007,fork
7008,plate
7009,cup
7010,glass
7016,plate
7018,cup
7021,fork
7022,fork
7023,cup
7026,plate
7028,cup
7031,cup
7032,plate
7033,spoon
7035,knife
7036,plate
7038,cup
7040,fork
7041,spoon
7042,knife
7043,spoon
7044,spoon
7046,plate
7049,cup
7051,cup
7052,plate
7056,glass
7059,spoon
7063,spoon
7064,knife
7065,spoon
7068,fork
7069,glass
7072,knife
7073,knife
7075,cup
7076,spoon
7079,plate
7081,spoon
7082,knife
7083,cup
7084,spoon
7085,spoon
7090,spoon
7097,spoon
7098,spoon
7101,fork
7106,fork
7107,cup
7108,fork
7109,plate
7110,glass
7111,glass
7112,spoon
7114,spoon
7115,plate
7117,cup
7119,cup
7120,plate
7123,knife
7125,plate
7126,plate
7128,knife
7130,glass
7131,plate
7133,plate
7134,fork
7139,glass
7140,spoon
7141,knife
7142,knife
7143,spoon
7144,cup
7145,knife
7146,cup
7148,glass
7150,fork
7151,knife
7153,cup
7154,spoon
7155,plate
7157,plate
7158,fork
7161,spoon
7162,fork
7163,glass
7164,plate
7165,fork
7168,glass
7170,glass
7171,knife
7173,cup
7177,cup
7178,cup
7179,cup
7184,spoon
7187,plate
7188,knife
7189,glass
7190,spoon
7191,spoon
7192,spoon
7193,knife
7194,plate
7195,knife
7196,fork
7198,spoon
7200,plate
7201,spoon
7202,spoon
7205,cup
7206,spoon
7209,cup
7210,knife
7212,plate
7213,glass
7214,fork
7215,glass
7216,plate
7217,spoon
7218,cup
7219,cup
7222,spoon
7223,spoon
7224,plate
7227,plate
7229,plate
7230,glass
7231,spoon
7234,glass
7237,plate
7239,spoon
7240,knife
7241,spoon
7243,spoon
7246,glass
7247,glass
7250,cup
7252,glass
7253,cup
7254,fork
7256,knife
7258,knife
7259,knife
7262,knife
7265,spoon
7267,spoon
7269,glass
7271,glass
7272,plate
7276,plate
7284,plate
7286,spoon
7287,knife
7288,spoon
7290,cup
7291,glass
7292,knife
7293,glass
7294,knife
7295,spoon
7298,spoon
7299,plate
7300,fork
7301,cup
7303,spoon
7306,plate
7307,knife
7309,cup
7310,knife
7311,cup
7319,plate
7320,spoon
7321,cup
7322,plate
7323,fork
7324,glass
7326,spoon
7327,fork
7328,plate
7330,cup
7331,glass
7332,plate
7334,glass
7335,plate
7336,glass
7337,glass
7338,spoon
7339,cup
7340,glass
7341,plate
7343,cup
7344,spoon
7346,fork
7347,knife
7348,spoon
7349,glass
7352,cup
7353,plate
7358,knife
7359,cup
7361,glass
7362,plate
7363,glass
7364,spoon
7365,plate
7367,cup
7371,plate
7372,cup
7375,glass
7379,cup
7380,plate
7381,cup
7383,glass
7385,plate
7386,spoon
7387,glass
7389,plate
7391,knife
7393,plate
7394,spoon
7395,plate
7396,cup
7401,cup
7404,glass
7405,spoon
7406,knife
7407,glass
7408,fork
7409,fork
7410,spoon
7411,glass
7414,knife
7415,plate
7416,plate
7418,spoon
7419,spoon
7420,plate
7421,cup
7422,knife
7423,knife
7424,cup
7426,fork
7429,fork
7430,spoon
7435,cup
7436,knife
7437,glass
7438,spoon
7439,spoon
7441,cup
7442,fork
7443,glass
7444,cup
7445,plate
7447,cup
7449,plate
7454,cup
7456,spoon
7457,knife
7459,plate
7463,glass
7468,cup
7471,fork
7472,glass
7473,spoon
7474,glass
7476,fork
7477,cup
7479,knife
7483,glass
7484,plate
7486,knife
7488,fork
7490,cup
7493,spoon
7496,cup
7497,spoon
7501,cup
7502,cup
7503,knife
7506,plate
7507,plate
7508,spoon
7510,glass
7514,knife
7516,plate
7517,knife
7518,knife
7519,cup
7520,fork
7521,cup
7523,glass
7524,plate
7525,knife
7526,cup
7527,cup
7528,fork
7529,cup
7530,plate
7532,cup
7533,knife
7534,knife
7535,plate
7536,spoon
7537,glass
7538,glass
7540,fork
7541,knife
7542,glass
7543,knife
7547,knife
7548,plate
7549,spoon
7550,glass
7552,spoon
7553,glass
7555,plate
7556,spoon
7558,fork
7559,plate
7561,knife
7562,glass
7563,spoon
7564,plate
7566,plate
7571,plate
7572,fork
7573,spoon
7577,cup
7578,spoon
7580,spoon
7583,cup
7584,glass
7585,fork
7587,cup
7588,knife
7589,plate
7592,fork
7593,cup
7596,cup
7597,knife
7598,plate
7601,plate
7602,fork
7609,knife
7611,knife
7612,plate
7614,knife
7617,glass
7618,knife
7620,cup
7621,plate
7622,plate
7624,spoon
7625,cup
7628,plate
7630,fork
7631,plate
7633,spoon
7634,spoon
7635,plate
7640,fork
7641,plate
7642,glass
7643,plate
7644,fork
7645,plate
7647,plate
7650,cup
7651,plate
7652,knife
7653,spoon
7654,cup
7656,glass
7657,cup
7658,plate
7659,glass
7660,cup
7662,spoon
7663,plate
7666,glass
7667,plate
7668,fork
7670,cup
7673,fork
7674,spoon
7675,spoon
7676,spoon
7677,cup
7678,spoon
7680,fork
7681,fork
7686,plate
7688,knife
7689,plate
7690,cup
7691,cup
7694,plate
7697,spoon
7698,plate
7699,fork
7702,knife
7705,spoon
7707,glass
7710,plate
7711,spoon
7715,plate
7716,plate
7717,spoon
7718,spoon
7721,glass
7722,fork
7723,fork
7724,plate
7725,plate
7726,plate
7727,knife
7728,plate
7733,plate
7734,spoon
7735,fork
7736,fork
7737,plate
7740,glass
7741,spoon
7742,spoon
7743,knife
7744,glass
7745,knife
7747,cup
7751,cup
7752,knife
7754,fork
7755,spoon
7757,spoon
7758,knife
7759,cup
7763,glass
7764,glass
7766,glass
7767,plate
7768,knife
7769,glass
7770,knife
7771,plate
7772,fork
7773,knife
7774,cup
7776,knife
7781,cup
7782,spoon
7783,spoon
7785,knife
7788,knife
7789,fork
7790,plate
7792,spoon
7793,fork
7795,spoon
7799,cup
7801,plate
7802,cup
7803,plate
7804,knife
7805,glass
7808,glass
7809,knife
7810,knife
7811,fork
7812,fork
7813,plate
7814,plate
7815,fork
7816,plate
7817,knife
7818,cup
7819,spoon
7826,cup
7827,knife
7828,knife
7829,cup
7832,cup
7837,spoon
7839,fork
7840,fork
7841,fork
7842,cup
7845,knife
7847,cup
7848,plate
7849,plate
7850,plate
7854,spoon
7856,glass
7857,cup
7858,cup
7859,plate
7861,knife
7862,cup
7863,plate
7864,glass
7868,fork
7871,cup
7872,cup
7874,spoon
7875,knife
7877,spoon
7881,cup
7882,cup
7883,glass
7885,spoon
7886,fork
7890,glass
7891,cup
7892,glass
7893,spoon
7894,plate
7897,plate
7898,cup
7899,knife
7900,plate
7901,glass
7902,cup
7904,plate
7906,knife
7907,cup
7911,cup
7912,glass
7915,plate
7919,plate
7920,glass
8001,plate
8004,glass
8008,cup
8011,knife
8014,plate
8015,knife
8019,plate
8020,glass
8021,plate
8024,cup
8025,plate
8026,spoon
8027,knife
8032,cup
8034,plate
8035,fork
8037,plate
8038,knife
8040,spoon
8041,knife
8042,glass
8045,spoon
8046,spoon
8048,plate
8049,knife
8050,plate
8054,glass
8055,cup
8060,cup
8061,knife
8062,plate
8063,knife
8064,plate
8065,knife
8066,cup
8067,spoon
8068,fork
8069,fork
8070,fork
8071,cup
8073,spoon
8074,fork
8075,fork
8077,knife
8079,knife
8080,spoon
8083,plate
8085,glass
8089,spoon
8090,plate
8092,plate
8094,cup
8096,glass
8097,spoon
8098,plate
8099,knife
8102,plate
8106,glass
8108,plate
8111,plate
8112,spoon
8114,plate
8117,knife
8119,spoon
8120,spoon
8121,glass
8124,cup
8126,plate
8128,fork
8131,plate
8132,spoon
8133,cup
8136,glass
8138,knife
8139,plate
8141,knife
8143,plate
8144,plate
8146,knife
8147,cup
8148,knife
8149,glass
8150,spoon
8153,cup
8156,plate
8160,knife
8161,glass
8163,glass
8164,plate
8166,cup
8167,glass
8168,fork
8172,glass
8173,glass
8174,cup
8175,plate
8176,cup
8177,plate
8179,cup
8180,cup
8181,cup
8182,fork
8183,spoon
8184,spoon
8185,fork
8186,plate
8188,glass
8189,plate
8190,fork
8194,cup
8195,cup
8196,plate
8201,plate
8203,plate
8205,spoon
8207,fork
8210,knife
8212,spoon
8213,plate
8216,spoon
8217,spoon
8219,knife
8221,plate
8222,knife
8224,cup
8227,fork
8229,plate
8230,spoon
8233,plate
8237,knife
8238,glass
8239,spoon
8241,fork
8242,spoon
8244,spoon
8245,knife
8247,glass
8248,glass
8249,cup
8250,plate
8252,spoon
8254,cup
8255,plate
8257,fork
8258,plate
8262,fork
8263,plate
8264,plate
8265,plate
8266,knife
8268,cup
8270,spoon
8272,knife
8273,fork
8275,spoon
8278,spoon
8279,knife
8281,spoon
8283,fork
8285,knife
8287,knife
8289,plate
8290,plate
8291,spoon
8293,plate
8295,cup
8297,cup
8298,knife
8300,glass
8301,glass
8302,cup
8303,plate
8304,spoon
8305,knife
8307,cup
8309,glass
8311,plate
8315,glass
8316,cup
8318,cup
8319,spoon
8320,glass
8321,fork
8324,plate
8325,knife
8326,glass
8330,fork
8331,cup
8333,fork
8338,knife
8339,fork
8340,plate
8341,knife
8342,plate
8346,fork
8347,glass
8349,plate
8350,cup
8351,cup
8353,knife
8354,plate
8355,cup
8356,knife
8357,fork
8358,cup
8360,fork
8361,spoon
8363,cup
8365,knife
8366,cup
8367,knife
8369,knife
8370,fork
8372,fork
8373,cup
8374,cup
8375,cup
8376,glass
8378,cup
8379,spoon
8381,plate
8382,cup
8383,glass
8386,cup
8389,spoon
8392,knife
8393,plate
8394,spoon
8395,glass
8397,glass
8399,cup
8400,knife
8402,fork
8403,glass
8404,cup
8405,knife
8406,spoon
8409,plate
8410,plate
8411,spoon
8412,plate
8413,glass
8414,glass
8415,plate
8416,knife
8417,cup
8418,plate
8419,spoon
8422,glass
8425,glass
8426,knife
8430,plate
8432,cup
8433,glass
8434,cup
8435,cup
8437,cup
8438,glass
8440,plate
8442,fork
8443,glass
8446,cup
8447,glass
8449,plate
8450,knife
8451,glass
8452,cup
8453,glass
8455,plate
8456,glass
8458,spoon
8459,spoon
8460,fork
8462,knife
8463,plate
8465,knife
8466,fork
8467,fork
8468,spoon
8469,spoon
8470,glass
8472,plate
8473,glass
8475,cup
8476,knife
8477,knife
8479,knife
8481,plate
8484,glass
8485,fork
8486,cup
8492,fork
8494,plate
8495,cup
8496,glass
8497,cup
8498,spoon
8499,plate
8500,plate
8501,glass
8502,cup
8503,knife
8505,plate
8506,cup
8507,cup
8508,cup
8509,cup
8510,fork
8512,glass
8514,cup
8517,plate
8518,knife
8519,spoon
8520,knife
8521,knife
8522,spoon
8523,glass
8524,spoon
8525,spoon
8528,glass
8531,spoon
8532,glass
8533,plate
8535,spoon
8538,knife
8539,spoon
8540,spoon
8543,cup
8545,glass
8549,glass
8550,knife
8552,glass
8553,cup
8556,cup
8558,plate
8560,plate
8561,glass
8563,knife
8567,spoon
8568,knife
8569,cup
8570,plate
8572,spoon
8574,fork
8576,spoon
8578,plate
8579,spoon
8580,spoon
8582,spoon
8583,spoon
8584,spoon
8589,fork
8590,fork
8591,glass
8592,spoon
8593,fork
8595,spoon
8596,fork
8597,plate
8598,plate
8599,cup
8600,cup
8603,glass
8605,spoon
8606,knife
8611,spoon
8612,fork
8613,cup
8614,spoon
8615,fork
8618,cup
8620,glass
8621,spoon
8622,knife
8624,spoon
8625,glass
8626,plate
8629,cup
8631,cup
8632,knife
8633,glass
8635,plate
8636,plate
8640,fork
8641,spoon
8642,knife
8643,cup
8645,spoon
8646,glass
8647,knife
8648,knife
8654,spoon
8655,cup
8657,spoon
8659,cup
8660,cup
8661,spoon
8662,spoon
8663,spoon
8664,glass
8667,cup
8668,fork
8669,knife
8670,plate
8671,cup
8673,plate
8675,plate
8677,fork
8679,knife
8681,knife
8683,fork
8685,spoon
8686,spoon
8687,cup
8688,knife
8689,plate
8690,cup
8693,plate
8694,cup
8695,glass
8697,spoon
8698,knife
8701,glass
8702,plate
8703,fork
8704,spoon
8705,cup
8706,glass
8708,knife
8710,spoon
8713,knife
8715,fork
8716,fork
8718,fork
8720,cup
8723,spoon
8725,knife
8727,spoon
8729,cup
8730,spoon
8734,knife
8738,plate
8739,knife
8742,knife
8743,cup
8744,glass
8746,cup
8747,cup
8750,plate
8751,plate
8753,plate
8757,spoon
8760,spoon
8761,glass
8763,glass
8764,knife
8770,spoon
8771,cup
8772,plate
8773,knife
8774,plate
8775,cup
8776,fork
8777,knife
8778,cup
8780,glass
8781,knife
8785,cup
8787,spoon
8789,glass
8790,glass
8791,cup
8792,plate
8798,knife
8799,cup
8800,knife
8801,glass
8803,plate
8804,spoon
8807,knife
8808,cup
8810,glass
8813,plate
8819,plate
8820,cup
8821,plate
8822,knife
8824,plate
8825,cup
8828,spoon
8830,plate
8831,plate
8832,spoon
8834,cup
8836,glass
8837,plate
8839,cup
8843,spoon
8844,knife
8845,fork
8846,plate
8849,cup
8850,plate
8852,cup
8854,plate
8855,plate
8860,plate
8861,knife
8863,knife
8864,spoon
8865,spoon
8866,cup
8867,cup
8868,fork
8870,glass
8874,glass
8875,plate
8877,fork
8879,plate
8880,plate
8881,knife
8882,cup
8884,plate
8885,knife
8886,glass
8887,fork
8892,spoon
8893,cup
8894,plate
8895,fork
8896,fork
8897,knife
8898,spoon
8900,spoon
8902,plate
8903,glass
8905,plate
8906,fork
8908,spoon
8909,spoon
8910,fork
8911,plate
8912,plate
8913,plate
8915,plate
8916,fork
8918,cup
8919,glass
8923,knife
8924,spoon
8925,plate
8926,spoon
8927,spoon
8929,glass
8930,cup
8931,plate
8932,cup
8933,cup
8934,fork
8935,glass
8936,spoon
8937,spoon
8940,fork
8941,spoon
8942,knife
8945,spoon
8946,cup
8949,glass
8950,knife
8951,knife
8953,cup
8954,fork
8955,cup
8956,spoon
8957,knife
8959,plate
8960,plate
8961,cup
8963,cup
8964,cup
8965,cup
8966,cup
8967,knife
8968,knife
8969,cup
8971,cup
8974,fork
8976,plate
8977,knife
8978,cup
8979,cup
8980,knife
8982,spoon
8983,plate
8984,plate
8985,plate
8986,fork
8987,spoon
8988,glass
8989,spoon
8990,spoon
8991,fork
8992,fork
8993,spoon
8994,plate
8996,plate
8997,knife
8999,glass
9000,glass
9001,fork
9002,knife
9003,spoon
9004,glass
9005,glass
9006,spoon
9007,knife
9008,spoon
9009,cup
9010,cup
9011,plate
9012,cup
9013,cup
9015,cup
9019,cup
9020,glass
9028,knife
9029,plate
9030,plate
9033,spoon
9034,plate
9035,cup
9039,knife
9040,cup
9041,glass
9042,cup
9043,fork
9047,glass
9048,spoon
9049,glass
9050,cup
9052,cup
9055,glass
9056,spoon
9058,cup
9060,cup
9061,spoon
9062,spoon
9063,cup
9064,fork
9065,plate
9066,spoon
9068,glass
9070,glass
9071,glass
9072,spoon
9076,knife
9083,spoon
9087,spoon
9089,knife
9090,knife
9094,knife
9096,cup
9097,fork
9098,cup
9100,spoon
9101,plate
9103,cup
9106,spoon
9107,fork
9109,cup
9112,spoon
9114,cup
9117,plate
9118,fork
9120,glass
9121,glass
9122,cup
9123,cup
9126,plate
9127,glass
9128,plate
9129,glass
9132,fork
9133,spoon
9134,cup
9137,fork
9138,fork
9139,cup
9140,fork
9141,fork
9142,knife
9144,plate
9147,plate
9148,knife
9150,knife
9152,plate
9155,plate
9159,cup
9160,plate
9161,glass
9164,fork
9165,cup
9171,knife
9174,spoon
9175,cup
9176,cup
9180,knife
9181,plate
9182,cup
9188,plate
9189,glass
9190,fork
9192,glass
9193,plate
9197,spoon
9198,cup
9200,glass
9202,cup
9203,knife
9208,cup
9209,glass
9210,plate
9211,cup
9213,plate
9214,plate
9216,spoon
9217,spoon
9218,spoon
9221,fork
9223,knife
9225,cup
9228,knife
9230,cup
9231,knife
9232,glass
9233,fork
9234,cup
9235,cup
9236,cup
9237,knife
9238,fork
9239,plate
9241,glass
9244,glass
9245,knife
9246,cup
9247,fork
9249,knife
9251,plate
9253,plate
9255,cup
9258,plate
9259,plate
9261,cup
9262,plate
9264,glass
9267,glass
9270,cup
9274,spoon
9277,plate
9278,cup
9279,plate
9281,spoon
9284,glass
9285,plate
9286,plate
9288,knife
9290,spoon
9291,knife
9293,cup
9298,knife
9299,spoon
9300,glass
9303,fork
9305,knife
9307,spoon
9309,spoon
9311,glass
9312,cup
9313,glass
9314,glass
9315,knife
9317,spoon
9318,cup
9319,cup
9321,knife
9323,spoon
9326,knife
9327,plate
9328,cup
9330,knife
9331,spoon
9332,fork
9333,knife
9335,plate
9336,plate
9338,spoon
9339,cup
9340,plate
9341,cup
9342,plate
9343,fork
9344,cup
9345,cup
9347,spoon
9348,knife
9349,plate
9353,cup
9354,spoon
9355,cup
9356,fork
9357,cup
9358,plate
9359,spoon
9360,cup
9361,spoon
9363,knife
9364,spoon
9365,cup
9366,glass
9368,plate
9369,glass
9370,plate
9371,cup
9372,plate
9375,fork
9379,cup
9380,plate
9383,plate
9385,plate
9388,plate
9392,knife
9395,plate
9396,plate
9397,cup
9398,spoon
9401,plate
9404,knife
9407,cup
9412,plate
9413,glass
9417,cup
9418,cup
9419,fork
9420,cup
9424,spoon
9425,glass
9428,plate
9429,fork
9430,plate
9432,spoon
9434,cup
9435,plate
9437,glass
9438,plate
9440,glass
9441,cup
9444,spoon
9445,plate
